vdincke0,ikobierra0
dbyrne1,bmassinger1
rszymonwicz2,sfayers2
erobardey3,dvongladbach3
hgerger4,rleprovost4
fabramovitch5,bjonuzi5
lgalgey6,tellicombe6
rbakeup7,tregelous7
zeam8,aharbisher8
rsatcher9,bmiles9sdfs
fpettit0,klilleyman0
mmatessian1,pbirrell1
vleask2,lcomelini2
vgartan4,ewyllis4
cwilshin5,cfroude5
gcargo6,larboin6
rmelesk7,lbrodie7
mcarnow8,ablaschek8
shadlington9,tsaunton9
vsygrovea,mdyhousea
sthorb,jcyplesb
mmaslenc,ldoringc
cfarringtond,nheathfieldd
tgarrawaye,rnottone
awayvillf,llubeckf
vgaskarthg,smullerg
hgoveyh,mkilfedderh
tsticklandi,cjotchami
mmcnellyj,nhammerstonej
rmallatrattk,btrembeyk
fnuzzil,edaulbyl
mfinneranm,bharuardm
hironn,bcrasswelln
tkindeo,mrowesbyo
dgreatheadp,jofinanp
wlillemanq,ipetkovicq
kanwyls,olespers
jtumayant,wmoyseyt
nbuncomu,tteagueu
bdriverv,ebletsoev
chealeyw,mclynmansw
gbrownswordx,wnewsomex
cjankuy,utapplyy
mcargillz,whallowayz
cgoforth10,bfinnimore10
lbrion11,fmilstead11
rrozanski12,dmaclaren12
lbalffye13,gsteely13
sbader14,ntungay14
arichardon15,rmulchrone15
phuws16,fjaniszewski16
gcicchillo17,cditer17
charses18,dbeggs18
eholton19,hgianettini19
bsteckings1a,tsherrett1a
hgillmore1b,ebowfin1b
lverner1c,adargan1c
dvise1d,clodder1d
awyborn1e,acausey1e
mtaile1f,rgoldster1f
oalesio1g,nspriggen1g
rpriddey1h,ldawkins1h
gvivash1i,bhallam1i
tszabo1j,egluyus1j
glittrik1k,ftomaselli1k
clarcher1l,obaldcock1l
slauks1m,cpaddefield1m
aannandale1n,bjedrysik1n
gtanner1o,cbagster1o
rhetterich1p,grogister1p
tfenich1q,ugosdin1q
ldeath1r,dmirams1r
charris1t,yrunham1t
aadie1u,lchampe1u
frozier1v,eknightly1v
egilardoni1w,lmckerton1w
cbeamand1x,ecogar1x
gstarling1y,lmacgilfoyle1y
pcuttelar1z,tbalfre1z
elabitt20,lsheffield20
rogborne21,sdebruin21
pmannock22,sridsdole22
msign23,bpottage23
aivanikhin24,bmantle24
mbrougham25,dgoudge25
duc26,gfludgate26
pshambrook27,cruskin27
pwestall28,dmiddup28
btytler29,ppicford29
jrozalski2a,jjanousek2a
bbattams2b,plinsley2b
fcharlton2c,ddiruggero2c
shambric2d,mtreven2d
kbealing2e,cwoffinden2e
drecher2f,ucockroft2f
mnicholls2h,tveneur2h
cfennell2i,pgibling2i
kraffels2j,gknapton2j
fantrack2k,dlincey2k
gharral2m,baronoff2m
bnyssens2n,pkehri2n
kdinzey2o,awadge2o
ctwelvetree2p,cmullaney2p
htriplow2q,tbartomeu2q
ccantor2r,pgreenig2r
